{"loss": [1.3930071592330933, 0.44501790404319763, 0.270939439535141, 0.1901882439851761, 0.1369510293006897, 0.11189470440149307, 0.08765823394060135, 0.07795538008213043, 0.06181490048766136, 0.05674343183636665], "accuracy": [0.593911349773407, 0.8586955070495605, 0.9127249717712402, 0.9376627206802368, 0.9555160403251648, 0.9632263779640198, 0.9709083437919617, 0.9754320979118347, 0.9803400039672852, 0.9813358187675476], "val_loss": [0.6011571884155273, 0.31042614579200745, 0.21193161606788635, 0.19101883471012115, 0.21365533769130707, 0.14495103061199188, 0.1461828351020813, 0.1378937065601349, 0.20262379944324493, 0.1200454831123352], "val_accuracy": [0.8087297677993774, 0.901149570941925, 0.9313111901283264, 0.9377418756484985, 0.9310835599899292, 0.9552697539329529, 0.9543023109436035, 0.9570908546447754, 0.9453107118606567, 0.965513288974762]}